ProductName,Category,Brand,UnitPrice
Badminton Set,Home & Furniture,FakeUrbanGlow,719
Sled,Toys & Games,FakeUrbanGlow,133
Tackle Box,Kitchen & Dining,FakeZenithStyle,679
VR Headset,Health & Fitness,FakeZenithStyle,112
Drone,Electronics,FakeZenithStyle,179
Tent,Health & Fitness,FakeEtherealEdge,670
Kayak,Sports & Recreation,FakeZenithStyle,949
Snow Shovel,Health & Fitness,FakeEtherealEdge,857
Jacket,Electronics,FakeLuxeAura,362
Sheets,Home & Furniture,FakeVelvetVista,153
3D Printer,Health & Fitness,FakeUrbanGlow,375
Fitness Tracker,Outdoor & Garden,FakeVelvetVista,313
Rain Jacket,Sports & Recreation,FakeEtherealEdge,541
Basketball,Kitchen & Dining,FakeZenithStyle,314
Memory Card,Arts & Crafts,FakeEtherealEdge,822
Suitcase,Sports & Recreation,FakeVelvetVista,625
Fitness Tracker,Electronics,FakeLuxeAura,640
Garden Tools,Kitchen & Dining,FakeVelvetVista,588
Suitcase,Sports & Recreation,FakeZenithStyle,142
Supplement,Sports & Recreation,FakeVelvetVista,166
Hair Dryer,Kitchen & Dining,FakeEtherealEdge,293
VR Headset,Outdoor & Garden,FakeVelvetVista,581
Backpack,Home & Furniture,FakeZenithStyle,688
Dumbbells,Outdoor & Garden,FakeUrbanGlow,501
Portable Hard Drive,Arts & Crafts,FakeVelvetVista,749
Lawn Sprinkler,Electronics,FakeEtherealEdge,180
Oven,Toys & Games,FakeZenithStyle,349
Dart Board,Electronics,FakeVelvetVista,613
Earbuds,Arts & Crafts,FakeUrbanGlow,218
Sleeping Bag,Arts & Crafts,FakeUrbanGlow,389
Action Figure,Health & Fitness,FakeLuxeAura,794
VR Headset,Home & Furniture,FakeLuxeAura,932
Vacuum Cleaner,Electronics,FakeVelvetVista,729
Stove,Toys & Games,FakeLuxeAura,863
Lawn Sprinkler,Toys & Games,FakeUrbanGlow,399
Tarp,Arts & Crafts,FakeVelvetVista,671
Laser Printer,Outdoor & Garden,FakeUrbanGlow,641
Antivirus,Sports & Recreation,FakeEtherealEdge,921
Badminton Set,Arts & Crafts,FakeLuxeAura,394
Tent,Home & Furniture,FakeZenithStyle,804
Juicer,Health & Fitness,FakeZenithStyle,363
Basketball,Kitchen & Dining,FakeVelvetVista,817
Backpack,Pets,FakeLuxeAura,774
Drone,Health & Fitness,FakeZenithStyle,492
3D Printer,Kitchen & Dining,FakeVelvetVista,873
Dog Collar,Sports & Recreation,FakeZenithStyle,466
Memory Card,Pets,FakeZenithStyle,127
Laptop,Sports & Recreation,FakeLuxeAura,417
Camping Tent,Outdoor & Garden,FakeUrbanGlow,413
Smart Light,Pets,FakeZenithStyle,736
Camera,Arts & Crafts,FakeUrbanGlow,697
Dart Board,Arts & Crafts,FakeUrbanGlow,191
Sleeping Bag,Pets,FakeEtherealEdge,746
Refrigerator,Home Appliances,FakeEtherealEdge,837
Board Game,Health & Fitness,FakeVelvetVista,750
Cat Litter Box,Outdoor & Garden,FakeZenithStyle,220
Cat Tree,Kitchen & Dining,FakeZenithStyle,405
Router,Health & Fitness,FakeVelvetVista,985
Patio Furniture,Pets,FakeVelvetVista,345
Sheets,Pets,FakeLuxeAura,197
Toothpaste,Health & Fitness,FakeEtherealEdge,271
Snowboard,Toys & Games,FakeZenithStyle,567
Treadmill,Toys & Games,FakeVelvetVista,484
Garden Hose,Arts & Crafts,FakeEtherealEdge,587
BBQ Grill,Health & Fitness,FakeLuxeAura,154
Electric Kettle,Outdoor & Garden,FakeZenithStyle,430
Laser Printer,Health & Fitness,FakeEtherealEdge,803
Smart Light,Toys & Games,FakeLuxeAura,937
Art Supplies,Electronics,FakeVelvetVista,193
Backpack,Sports & Recreation,FakeVelvetVista,238
Helmet,Pets,FakeLuxeAura,505
Jacket,Pets,FakeUrbanGlow,805
Dog Collar,Health & Fitness,FakeUrbanGlow,932
Home Security Camera,Sports & Recreation,FakeLuxeAura,334
Volleyball,Electronics,FakeVelvetVista,717
Toothpaste,Health & Fitness,FakeUrbanGlow,186
Tent,Pets,FakeEtherealEdge,277
Grill,Sports & Recreation,FakeUrbanGlow,379
Hammock,Kitchen & Dining,FakeZenithStyle,710
Hiking Boots,Electronics,FakeUrbanGlow,160
Art Supplies,Outdoor & Garden,FakeZenithStyle,732
Bicycle,Sports & Recreation,FakeUrbanGlow,787
Water Filter,Electronics,FakeUrbanGlow,680
Oven,Outdoor & Garden,FakeEtherealEdge,307
Power Bank,Home Appliances,FakeZenithStyle,136
Trekking Poles,Outdoor & Garden,FakeEtherealEdge,370
Wi-Fi Extender,Toys & Games,FakeZenithStyle,856
Antivirus,Outdoor & Garden,FakeZenithStyle,280
Thermos,Sports & Recreation,FakeUrbanGlow,612
Tarp,Kitchen & Dining,FakeZenithStyle,690
Lawn Sprinkler,Home Appliances,FakeEtherealEdge,224
Lawn Sprinkler,Toys & Games,FakeVelvetVista,849
Aquarium,Pets,FakeLuxeAura,756
Memory Card,Home Appliances,FakeEtherealEdge,739
Power Bank,Outdoor & Garden,FakeLuxeAura,799
Kayak,Outdoor & Garden,FakeVelvetVista,858
Pet Bed,Kitchen & Dining,FakeZenithStyle,136
Basketball,Home Appliances,FakeVelvetVista,112
Pet Toy,Toys & Games,FakeZenithStyle,970
Camera,Arts & Crafts,FakeZenithStyle,683
Soap,Sports & Recreation,FakeUrbanGlow,120
Game Console,Sports & Recreation,FakeZenithStyle,868
Cat Tree,Home & Furniture,FakeEtherealEdge,581
Robot Vacuum,Health & Fitness,FakeUrbanGlow,826
Basketball,Outdoor & Garden,FakeZenithStyle,147
Smart Thermostat,Outdoor & Garden,FakeLuxeAura,578
Action Figure,Arts & Crafts,FakeEtherealEdge,917
Fitness Tracker,Home & Furniture,FakeZenithStyle,565
Pet Carrier,Toys & Games,FakeEtherealEdge,350
Juicer,Pets,FakeLuxeAura,458
Smart Thermostat,Toys & Games,FakeLuxeAura,192
Coffee Maker,Electronics,FakeEtherealEdge,267
Stove,Health & Fitness,FakeLuxeAura,355
Helmet,Toys & Games,FakeUrbanGlow,569
Ski Goggles,Electronics,FakeVelvetVista,227
Wetsuit,Kitchen & Dining,FakeZenithStyle,386
Wetsuit,Home Appliances,FakeUrbanGlow,629
Portable Charger,Pets,FakeUrbanGlow,738
Portable Hard Drive,Electronics,FakeVelvetVista,158
Lamp,Pets,FakeEtherealEdge,374
Juicer,Home Appliances,FakeEtherealEdge,935
Pet Toy,Arts & Crafts,FakeVelvetVista,227
Volleyball,Electronics,FakeEtherealEdge,255
Tent,Outdoor & Garden,FakeZenithStyle,681
Stove,Health & Fitness,FakeZenithStyle,701
Humidifier,Arts & Crafts,FakeLuxeAura,243
Dumbbells,Pets,FakeLuxeAura,756
3D Printer,Electronics,FakeVelvetVista,652
Power Bank,Home & Furniture,FakeZenithStyle,551
Ping Pong Table,Arts & Crafts,FakeUrbanGlow,441
Smart Thermostat,Home & Furniture,FakeUrbanGlow,989
Snowboard,Arts & Crafts,FakeEtherealEdge,657
Patio Furniture,Pets,FakeLuxeAura,443
Camping Tent,Arts & Crafts,FakeEtherealEdge,767
Pet Feeder,Kitchen & Dining,FakeZenithStyle,231
Supplement,Kitchen & Dining,FakeUrbanGlow,723
Snow Shovel,Pets,FakeZenithStyle,421
Puzzle,Pets,FakeEtherealEdge,499
Fire Pit,Toys & Games,FakeEtherealEdge,843
Tablet,Electronics,FakeZenithStyle,938
Rain Jacket,Health & Fitness,FakeVelvetVista,101
Fishing Rod,Home Appliances,FakeZenithStyle,281
Volleyball,Pets,FakeEtherealEdge,487
Jacket,Kitchen & Dining,FakeEtherealEdge,998
Garden Tools,Sports & Recreation,FakeEtherealEdge,322
Drone,Electronics,FakeEtherealEdge,741
Garden Tools,Home Appliances,FakeZenithStyle,171
Wetsuit,Health & Fitness,FakeLuxeAura,307
Speaker,Kitchen & Dining,FakeEtherealEdge,502
Blender,Electronics,FakeUrbanGlow,195
Wetsuit,Pets,FakeUrbanGlow,781
Electric Shaver,Pets,FakeVelvetVista,168
Electric Car,Sports & Recreation,FakeEtherealEdge,462
Art Supplies,Sports & Recreation,FakeUrbanGlow,412
Power Bank,Pets,FakeZenithStyle,700
Hair Dryer,Health & Fitness,FakeZenithStyle,490
Dart Board,Home Appliances,FakeUrbanGlow,463
Memory Card,Pets,FakeUrbanGlow,714
Bird Cage,Health & Fitness,FakeUrbanGlow,795
Lamp,Electronics,FakeLuxeAura,748
Vacuum Cleaner,Electronics,FakeVelvetVista,998
Action Figure,Outdoor & Garden,FakeLuxeAura,523
Bicycle,Toys & Games,FakeLuxeAura,630
Pet Carrier,Home Appliances,FakeUrbanGlow,325
Dog House,Home Appliances,FakeVelvetVista,900
Hair Dryer,Sports & Recreation,FakeLuxeAura,694
Electric Toothbrush,Home Appliances,FakeZenithStyle,916
Pillow,Sports & Recreation,FakeUrbanGlow,449
Sleeping Pad,Toys & Games,FakeUrbanGlow,926
Stove,Pets,FakeEtherealEdge,800
Pet Toy,Home Appliances,FakeZenithStyle,799
Board Game,Outdoor & Garden,FakeLuxeAura,298
Dehumidifier,Kitchen & Dining,FakeVelvetVista,441
Drone,Electronics,FakeLuxeAura,801
Electric Kettle,Kitchen & Dining,FakeEtherealEdge,781
Wi-Fi Extender,Kitchen & Dining,FakeEtherealEdge,181
Action Figure,Electronics,FakeVelvetVista,882
Suitcase,Sports & Recreation,FakeZenithStyle,563
Fan,Home & Furniture,FakeUrbanGlow,537
Outdoor Umbrella,Electronics,FakeZenithStyle,682
Garden Tools,Arts & Crafts,FakeEtherealEdge,396
Golf Clubs,Electronics,FakeUrbanGlow,687
Plant Pot,Toys & Games,FakeZenithStyle,164
Tennis Racket,Electronics,FakeUrbanGlow,537
Smart Doorbell,Kitchen & Dining,FakeVelvetVista,313
Electric Kettle,Electronics,FakeUrbanGlow,981
Bird Cage,Sports & Recreation,FakeVelvetVista,456
Soccer Ball,Arts & Crafts,FakeLuxeAura,513
Trekking Poles,Sports & Recreation,FakeLuxeAura,853
Dart Board,Home & Furniture,FakeLuxeAura,642
Garden Hose,Electronics,FakeEtherealEdge,304
Mattress,Pets,FakeLuxeAura,148
Cat Tree,Toys & Games,FakeLuxeAura,227
Kayak,Outdoor & Garden,FakeZenithStyle,615
Bluetooth Speaker,Home Appliances,FakeLuxeAura,159
Hair Dryer,Pets,FakeUrbanGlow,457
Electric Kettle,Home & Furniture,FakeVelvetVista,634
Craft Kit,Arts & Crafts,FakeVelvetVista,900
Rain Jacket,Pets,FakeVelvetVista,864
Building Blocks,Pets,FakeLuxeAura,970
Treadmill,Electronics,FakeUrbanGlow,729
Portable Charger,Home & Furniture,FakeVelvetVista,488
Sleeping Bag,Electronics,FakeVelvetVista,285
Dart Board,Kitchen & Dining,FakeVelvetVista,741
Sleeping Pad,Home & Furniture,FakeEtherealEdge,200
Pet Bed,Health & Fitness,FakeEtherealEdge,190
Pillow,Health & Fitness,FakeZenithStyle,759
Tarp,Toys & Games,FakeEtherealEdge,324
Suitcase,Home Appliances,FakeLuxeAura,646
Lamp,Pets,FakeEtherealEdge,812
Dumbbells,Kitchen & Dining,FakeLuxeAura,667
Electric Toothbrush,Health & Fitness,FakeLuxeAura,884
Doll,Kitchen & Dining,FakeZenithStyle,951
Tennis Racket,Toys & Games,FakeLuxeAura,652
Air Purifier,Kitchen & Dining,FakeEtherealEdge,982
Backpacking Stove,Home Appliances,FakeZenithStyle,670
Rain Jacket,Home & Furniture,FakeEtherealEdge,494
Treadmill,Sports & Recreation,FakeEtherealEdge,235
Electric Scooter,Toys & Games,FakeVelvetVista,731
Bed,Pets,FakeUrbanGlow,157
Telescope,Pets,FakeUrbanGlow,197
Dart Board,Electronics,FakeLuxeAura,143
Binoculars,Toys & Games,FakeEtherealEdge,684
Lamp,Sports & Recreation,FakeUrbanGlow,401
Juicer,Outdoor & Garden,FakeZenithStyle,699
BBQ Grill,Kitchen & Dining,FakeEtherealEdge,143
Rain Jacket,Arts & Crafts,FakeUrbanGlow,804
Treadmill,Sports & Recreation,FakeVelvetVista,124
Laser Printer,Toys & Games,FakeEtherealEdge,673
Soccer Ball,Health & Fitness,FakeUrbanGlow,146
Snorkel Gear,Health & Fitness,FakeZenithStyle,300
Glasses,Kitchen & Dining,FakeZenithStyle,729
Backpacking Stove,Home & Furniture,FakeLuxeAura,517
Game Console,Electronics,FakeZenithStyle,959
Bird Cage,Toys & Games,FakeVelvetVista,894
Smartwatch,Electronics,FakeUrbanGlow,696
Snowboard,Toys & Games,FakeVelvetVista,597
Tennis Racket,Electronics,FakeZenithStyle,133
Electric Toothbrush,Outdoor & Garden,FakeUrbanGlow,459
Aquarium,Toys & Games,FakeEtherealEdge,985
Antivirus,Health & Fitness,FakeVelvetVista,567
Tackle Box,Health & Fitness,FakeUrbanGlow,663
Basketball,Sports & Recreation,FakeLuxeAura,180
Electric Car,Toys & Games,FakeUrbanGlow,778
Kayak,Home & Furniture,FakeLuxeAura,483
Pet Feeder,Outdoor & Garden,FakeUrbanGlow,138
Snorkel Gear,Electronics,FakeVelvetVista,383
Binoculars,Pets,FakeVelvetVista,935
External SSD,Kitchen & Dining,FakeVelvetVista,853
Snowboard,Pets,FakeEtherealEdge,381
Hair Dryer,Home Appliances,FakeVelvetVista,532
Hiking Boots,Pets,FakeVelvetVista,601
Hair Dryer,Sports & Recreation,FakeEtherealEdge,448
Baseball Glove,Outdoor & Garden,FakeZenithStyle,474
Yoga Mat,Home & Furniture,FakeEtherealEdge,664
Life Jacket,Electronics,FakeEtherealEdge,641
Monitor,Outdoor & Garden,FakeEtherealEdge,964
Sewing Machine,Sports & Recreation,FakeZenithStyle,734
Garden Tools,Pets,FakeLuxeAura,510
Ski Goggles,Electronics,FakeZenithStyle,352
Vacuum Cleaner,Home Appliances,FakeLuxeAura,947
Garden Tools,Toys & Games,FakeVelvetVista,400
Water Filter,Arts & Crafts,FakeZenithStyle,266
Sewing Machine,Toys & Games,FakeUrbanGlow,577
Aquarium,Electronics,FakeVelvetVista,389
Oven,Pets,FakeUrbanGlow,931
Lawn Mower,Pets,FakeLuxeAura,624
Oven,Toys & Games,FakeVelvetVista,112
Electric Kettle,Toys & Games,FakeEtherealEdge,191
Keyboard,Electronics,FakeVelvetVista,186
Binoculars,Pets,FakeZenithStyle,507
Volleyball,Home Appliances,FakeUrbanGlow,867
Robot Vacuum,Sports & Recreation,FakeLuxeAura,867
Cat Tree,Home & Furniture,FakeEtherealEdge,345
Camera,Health & Fitness,FakeEtherealEdge,921
Speaker,Kitchen & Dining,FakeVelvetVista,470
Pillow,Home Appliances,FakeUrbanGlow,796
Binoculars,Sports & Recreation,FakeLuxeAura,788
Puzzle,Home & Furniture,FakeLuxeAura,616
Volleyball,Toys & Games,FakeEtherealEdge,349
Water Bottle,Health & Fitness,FakeEtherealEdge,499
Dog Collar,Sports & Recreation,FakeZenithStyle,381
Backpack,Sports & Recreation,FakeVelvetVista,851
Snorkel Gear,Outdoor & Garden,FakeZenithStyle,136
Pet Feeder,Toys & Games,FakeEtherealEdge,874
Portable Charger,Arts & Crafts,FakeEtherealEdge,206
Tackle Box,Electronics,FakeVelvetVista,264
Aquarium,Electronics,FakeLuxeAura,169
Doll,Home Appliances,FakeUrbanGlow,766
Power Bank,Kitchen & Dining,FakeZenithStyle,539
Craft Kit,Home Appliances,FakeVelvetVista,747
Doll,Electronics,FakeVelvetVista,982
Refrigerator,Toys & Games,FakeZenithStyle,277
Sled,Arts & Crafts,FakeUrbanGlow,715
Outdoor Umbrella,Sports & Recreation,FakeUrbanGlow,480
Treadmill,Home & Furniture,FakeUrbanGlow,934
Jacket,Electronics,FakeZenithStyle,917
Humidifier,Health & Fitness,FakeVelvetVista,614
Garden Tools,Home Appliances,FakeZenithStyle,931
Humidifier,Sports & Recreation,FakeVelvetVista,238
Dehumidifier,Home & Furniture,FakeEtherealEdge,545
Game Console,Kitchen & Dining,FakeLuxeAura,618
Rain Jacket,Kitchen & Dining,FakeVelvetVista,100
Flashlight,Kitchen & Dining,FakeEtherealEdge,544
Garden Hose,Toys & Games,FakeLuxeAura,875
Hammock,Kitchen & Dining,FakeUrbanGlow,748
Helmet,Health & Fitness,FakeZenithStyle,843
Jacket,Outdoor & Garden,FakeEtherealEdge,634
Power Bank,Home & Furniture,FakeVelvetVista,752
Showerhead,Outdoor & Garden,FakeZenithStyle,278
Jacket,Outdoor & Garden,FakeVelvetVista,591
Plant Pot,Outdoor & Garden,FakeZenithStyle,982
Suitcase,Outdoor & Garden,FakeLuxeAura,674
Thermos,Home & Furniture,FakeVelvetVista,772
Antivirus,Home Appliances,FakeVelvetVista,902
Oven,Electronics,FakeLuxeAura,455
Garden Hose,Home & Furniture,FakeZenithStyle,787
Microwave,Outdoor & Garden,FakeUrbanGlow,613
Wi-Fi Extender,Home Appliances,FakeZenithStyle,169
Thermos,Health & Fitness,FakeLuxeAura,726
Stove,Toys & Games,FakeVelvetVista,607
Aquarium,Home Appliances,FakeLuxeAura,668
Yoga Mat,Health & Fitness,FakeLuxeAura,564
Paddleboard,Arts & Crafts,FakeEtherealEdge,851
Pet Carrier,Arts & Crafts,FakeEtherealEdge,743
Projector,Outdoor & Garden,FakeEtherealEdge,474
Home Security Camera,Toys & Games,FakeZenithStyle,865
Ski Goggles,Toys & Games,FakeEtherealEdge,542
BBQ Grill,Sports & Recreation,FakeLuxeAura,108
Glasses,Outdoor & Garden,FakeEtherealEdge,984
Toothpaste,Health & Fitness,FakeLuxeAura,572
Dog Leash,Home Appliances,FakeLuxeAura,892
Patio Furniture,Electronics,FakeUrbanGlow,782
Golf Clubs,Toys & Games,FakeVelvetVista,384
Pet Toy,Kitchen & Dining,FakeVelvetVista,835
Fishing Rod,Kitchen & Dining,FakeLuxeAura,458
Speaker,Home Appliances,FakeUrbanGlow,922
Lawn Sprinkler,Electronics,FakeEtherealEdge,405
Washing Machine,Kitchen & Dining,FakeVelvetVista,992
Tablet,Electronics,FakeEtherealEdge,847
Toy Car,Arts & Crafts,FakeZenithStyle,465
Tent,Toys & Games,FakeUrbanGlow,974
Supplement,Kitchen & Dining,FakeZenithStyle,630
Pet Bed,Arts & Crafts,FakeUrbanGlow,108
Water Bottle,Toys & Games,FakeVelvetVista,248
Air Conditioner,Home Appliances,FakeEtherealEdge,370
Lamp,Electronics,FakeLuxeAura,998
Fitness Tracker,Sports & Recreation,FakeLuxeAura,615
Golf Clubs,Home Appliances,FakeUrbanGlow,975
Sled,Health & Fitness,FakeVelvetVista,792
Robot Vacuum,Home Appliances,FakeLuxeAura,314
Bluetooth Speaker,Arts & Crafts,FakeEtherealEdge,162
Smartwatch,Health & Fitness,FakeZenithStyle,528
Garden Tools,Health & Fitness,FakeVelvetVista,885
Projector,Home Appliances,FakeZenithStyle,338
Lamp,Electronics,FakeVelvetVista,759
Dog House,Pets,FakeUrbanGlow,265
Microwave,Home & Furniture,FakeUrbanGlow,542
Monitor,Sports & Recreation,FakeLuxeAura,953
Garden Hose,Electronics,FakeEtherealEdge,715
Router,Home Appliances,FakeZenithStyle,900
Puzzle,Arts & Crafts,FakeZenithStyle,773
Memory Card,Home & Furniture,FakeVelvetVista,222
Kayak,Pets,FakeEtherealEdge,754
Suitcase,Toys & Games,FakeZenithStyle,410
Pet Carrier,Electronics,FakeZenithStyle,600
Wi-Fi Extender,Home Appliances,FakeUrbanGlow,428
Bird Cage,Arts & Crafts,FakeLuxeAura,564
Lawn Sprinkler,Pets,FakeLuxeAura,904
Electric Scooter,Pets,FakeZenithStyle,380
Camping Chair,Kitchen & Dining,FakeLuxeAura,675
Golf Clubs,Pets,FakeZenithStyle,120
Dart Board,Health & Fitness,FakeZenithStyle,816
Sheets,Health & Fitness,FakeEtherealEdge,330
Bed,Outdoor & Garden,FakeZenithStyle,191
Tarp,Outdoor & Garden,FakeUrbanGlow,275
Helmet,Electronics,FakeVelvetVista,683
Craft Kit,Pets,FakeUrbanGlow,224
Art Supplies,Kitchen & Dining,FakeZenithStyle,818
Electric Toothbrush,Sports & Recreation,FakeZenithStyle,900
Lawn Mower,Arts & Crafts,FakeLuxeAura,491
Laptop,Sports & Recreation,FakeZenithStyle,340
Home Security Camera,Home Appliances,FakeLuxeAura,798
Aquarium,Kitchen & Dining,FakeUrbanGlow,569
Sled,Health & Fitness,FakeLuxeAura,775
Wetsuit,Home & Furniture,FakeEtherealEdge,720
Lawn Mower,Arts & Crafts,FakeLuxeAura,954
Bird Cage,Home Appliances,FakeUrbanGlow,632
Patio Furniture,Pets,FakeVelvetVista,600
Dog Leash,Home & Furniture,FakeEtherealEdge,639
External SSD,Sports & Recreation,FakeUrbanGlow,799
Camping Chair,Pets,FakeUrbanGlow,363
Coffee Maker,Home & Furniture,FakeLuxeAura,618
Drone,Home & Furniture,FakeEtherealEdge,311
Humidifier,Pets,FakeLuxeAura,508
Dog House,Toys & Games,FakeUrbanGlow,190
Sleeping Pad,Home & Furniture,FakeZenithStyle,923
Telescope,Home & Furniture,FakeVelvetVista,543
Pet Feeder,Home & Furniture,FakeZenithStyle,860
Fan,Toys & Games,FakeLuxeAura,589
Electric Car,Pets,FakeLuxeAura,650
Smart Light,Outdoor & Garden,FakeZenithStyle,403
Dehumidifier,Home & Furniture,FakeLuxeAura,756
Tent,Arts & Crafts,FakeUrbanGlow,339
Art Supplies,Arts & Crafts,FakeVelvetVista,292
Outdoor Umbrella,Home Appliances,FakeEtherealEdge,368
Dart Board,Home Appliances,FakeLuxeAura,848
Badminton Set,Arts & Crafts,FakeUrbanGlow,404
Pet Bed,Kitchen & Dining,FakeUrbanGlow,788
Garden Hose,Outdoor & Garden,FakeEtherealEdge,563
Smartwatch,Sports & Recreation,FakeVelvetVista,513
Projector,Home & Furniture,FakeZenithStyle,953
Smart Light,Electronics,FakeEtherealEdge,241
Bird Feeder,Kitchen & Dining,FakeLuxeAura,384
Lawn Sprinkler,Electronics,FakeZenithStyle,791
Home Security Camera,Sports & Recreation,FakeEtherealEdge,807
Jacket,Toys & Games,FakeUrbanGlow,851
Kayak,Kitchen & Dining,FakeVelvetVista,366
Power Bank,Pets,FakeVelvetVista,656
Tablet,Arts & Crafts,FakeVelvetVista,813
Water Filter,Home & Furniture,FakeEtherealEdge,793
Smart Thermostat,Sports & Recreation,FakeUrbanGlow,714
Earbuds,Outdoor & Garden,FakeUrbanGlow,519
Sleeping Pad,Toys & Games,FakeZenithStyle,122
Smart Doorbell,Pets,FakeVelvetVista,225
Electric Toothbrush,Home & Furniture,FakeZenithStyle,326
Thermos,Home & Furniture,FakeEtherealEdge,531
Portable Hard Drive,Outdoor & Garden,FakeZenithStyle,820
Pet Toy,Outdoor & Garden,FakeZenithStyle,955
Dishwasher,Home & Furniture,FakeEtherealEdge,212
Drone,Home Appliances,FakeUrbanGlow,234
Speaker,Toys & Games,FakeZenithStyle,883
Ping Pong Table,Arts & Crafts,FakeVelvetVista,671
Flashlight,Toys & Games,FakeZenithStyle,489
Router,Outdoor & Garden,FakeUrbanGlow,360
Grill,Home Appliances,FakeZenithStyle,191
Blender,Home Appliances,FakeVelvetVista,474
Thermos,Electronics,FakeVelvetVista,743
Snowboard,Arts & Crafts,FakeUrbanGlow,762
Game Console,Electronics,FakeLuxeAura,335
Soap,Pets,FakeLuxeAura,921
Snow Shovel,Health & Fitness,FakeEtherealEdge,609
Lawn Sprinkler,Health & Fitness,FakeUrbanGlow,695
Toothpaste,Kitchen & Dining,FakeUrbanGlow,521
Camera,Health & Fitness,FakeUrbanGlow,212
Pet Feeder,Home & Furniture,FakeEtherealEdge,249
External SSD,Home & Furniture,FakeVelvetVista,706
Showerhead,Outdoor & Garden,FakeEtherealEdge,206
Ski Poles,Home Appliances,FakeEtherealEdge,693
Snowboard,Outdoor & Garden,FakeLuxeAura,425
Craft Kit,Health & Fitness,FakeEtherealEdge,189
Basketball,Kitchen & Dining,FakeVelvetVista,156
Electric Shaver,Arts & Crafts,FakeLuxeAura,631
Dishwasher,Toys & Games,FakeEtherealEdge,810
Smart Doorbell,Toys & Games,FakeUrbanGlow,800
Tablet,Kitchen & Dining,FakeZenithStyle,604
Building Blocks,Electronics,FakeUrbanGlow,992
Golf Clubs,Sports & Recreation,FakeEtherealEdge,389
Surfboard,Home & Furniture,FakeUrbanGlow,391
Sleeping Pad,Pets,FakeLuxeAura,958
Suitcase,Home Appliances,FakeZenithStyle,983
Dehumidifier,Pets,FakeVelvetVista,264
Keyboard,Pets,FakeZenithStyle,921
Game Console,Electronics,FakeLuxeAura,366
Lawn Sprinkler,Electronics,FakeLuxeAura,841
Printer,Electronics,FakeZenithStyle,581
Laptop,Sports & Recreation,FakeZenithStyle,913
Lawn Mower,Arts & Crafts,FakeLuxeAura,146
Yoga Mat,Outdoor & Garden,FakeVelvetVista,391
Pet Feeder,Sports & Recreation,FakeZenithStyle,317
Jacket,Electronics,FakeLuxeAura,120
Paddleboard,Arts & Crafts,FakeVelvetVista,226
Laser Printer,Kitchen & Dining,FakeEtherealEdge,136
Headphones,Toys & Games,FakeLuxeAura,602
Game Console,Kitchen & Dining,FakeLuxeAura,616
Microwave,Outdoor & Garden,FakeUrbanGlow,189
Projector,Electronics,FakeEtherealEdge,953
Bluetooth Speaker,Outdoor & Garden,FakeZenithStyle,241
Cat Litter Box,Electronics,FakeVelvetVista,137
Garden Hose,Sports & Recreation,FakeVelvetVista,222
Blender,Pets,FakeLuxeAura,649
Pet Carrier,Home Appliances,FakeLuxeAura,546
Sheets,Toys & Games,FakeLuxeAura,329
Suitcase,Sports & Recreation,FakeLuxeAura,101
Smart Light,Arts & Crafts,FakeEtherealEdge,392
Refrigerator,Toys & Games,FakeUrbanGlow,730
Portable Hard Drive,Health & Fitness,FakeLuxeAura,921
Robot Vacuum,Health & Fitness,FakeEtherealEdge,356
Hair Dryer,Toys & Games,FakeEtherealEdge,360
Rain Jacket,Kitchen & Dining,FakeVelvetVista,306
Water Bottle,Kitchen & Dining,FakeLuxeAura,748
Router,Home Appliances,FakeEtherealEdge,585
Kayak,Sports & Recreation,FakeVelvetVista,411
Dehumidifier,Home & Furniture,FakeZenithStyle,235
Dumbbells,Kitchen & Dining,FakeUrbanGlow,331
Craft Kit,Health & Fitness,FakeVelvetVista,991
Board Game,Arts & Crafts,FakeLuxeAura,470
Ping Pong Table,Pets,FakeEtherealEdge,521
Printer,Home Appliances,FakeUrbanGlow,249
Ski Goggles,Home & Furniture,FakeVelvetVista,980
Printer,Arts & Crafts,FakeLuxeAura,841
Tent,Home Appliances,FakeEtherealEdge,245
Flashlight,Home & Furniture,FakeUrbanGlow,132
Jacket,Electronics,FakeZenithStyle,205
Wetsuit,Electronics,FakeVelvetVista,449
Bicycle,Kitchen & Dining,FakeLuxeAura,147
Puzzle,Home & Furniture,FakeUrbanGlow,400
Portable Hard Drive,Arts & Crafts,FakeZenithStyle,424
Laser Printer,Toys & Games,FakeUrbanGlow,630
Speaker,Electronics,FakeEtherealEdge,276
Electric Kettle,Home Appliances,FakeEtherealEdge,448
Golf Clubs,Toys & Games,FakeUrbanGlow,713
Flashlight,Home Appliances,FakeZenithStyle,792
Oven,Home Appliances,FakeLuxeAura,525
Puzzle,Toys & Games,FakeLuxeAura,525
Sheets,Outdoor & Garden,FakeVelvetVista,477
Cat Tree,Outdoor & Garden,FakeEtherealEdge,915
Soccer Ball,Health & Fitness,FakeLuxeAura,685
Volleyball,Pets,FakeUrbanGlow,683
Kayak,Health & Fitness,FakeUrbanGlow,282
Golf Clubs,Home Appliances,FakeEtherealEdge,307
Water Filter,Health & Fitness,FakeEtherealEdge,930
Earbuds,Electronics,FakeUrbanGlow,208
3D Printer,Health & Fitness,FakeEtherealEdge,190
Home Security Camera,Health & Fitness,FakeZenithStyle,495
Sleeping Pad,Health & Fitness,FakeUrbanGlow,693
Fire Pit,Arts & Crafts,FakeUrbanGlow,698
Aquarium,Outdoor & Garden,FakeVelvetVista,835
Building Blocks,Toys & Games,FakeLuxeAura,236
Dart Board,Electronics,FakeZenithStyle,192
Trekking Poles,Outdoor & Garden,FakeVelvetVista,991
Projector,Health & Fitness,FakeVelvetVista,515
Portable Hard Drive,Health & Fitness,FakeEtherealEdge,886
Toothpaste,Sports & Recreation,FakeUrbanGlow,156
Oven,Electronics,FakeVelvetVista,342
Fishing Rod,Electronics,FakeEtherealEdge,733
Smartwatch,Health & Fitness,FakeUrbanGlow,295
Robot Vacuum,Kitchen & Dining,FakeLuxeAura,190
Sled,Kitchen & Dining,FakeZenithStyle,396
Ice Skates,Arts & Crafts,FakeEtherealEdge,314
Refrigerator,Electronics,FakeVelvetVista,675
Flashlight,Toys & Games,FakeVelvetVista,621
Outdoor Umbrella,Outdoor & Garden,FakeZenithStyle,317
Sled,Sports & Recreation,FakeEtherealEdge,755
Kayak,Outdoor & Garden,FakeEtherealEdge,462
Soccer Ball,Health & Fitness,FakeLuxeAura,753
Tarp,Arts & Crafts,FakeEtherealEdge,230
Sleeping Bag,Toys & Games,FakeEtherealEdge,650
Snow Shovel,Home & Furniture,FakeUrbanGlow,699
Snowboard,Home & Furniture,FakeZenithStyle,691
Dishwasher,Home & Furniture,FakeUrbanGlow,849
Smart Light,Health & Fitness,FakeUrbanGlow,708
Air Purifier,Health & Fitness,FakeZenithStyle,587
Ski Goggles,Kitchen & Dining,FakeLuxeAura,970
Elliptical,Kitchen & Dining,FakeZenithStyle,994
Rain Jacket,Electronics,FakeVelvetVista,667
Air Conditioner,Arts & Crafts,FakeLuxeAura,761
Outdoor Umbrella,Toys & Games,FakeZenithStyle,286
Bed,Sports & Recreation,FakeLuxeAura,122
Wetsuit,Home & Furniture,FakeVelvetVista,283
Hiking Backpack,Home & Furniture,FakeEtherealEdge,391
Craft Kit,Toys & Games,FakeUrbanGlow,870
Microwave,Home & Furniture,FakeZenithStyle,893
Electric Scooter,Pets,FakeUrbanGlow,447
Dog Leash,Health & Fitness,FakeEtherealEdge,1000
Electric Kettle,Health & Fitness,FakeEtherealEdge,655
Supplement,Arts & Crafts,FakeVelvetVista,716
Oven,Health & Fitness,FakeEtherealEdge,641
Garden Tools,Pets,FakeEtherealEdge,513
Cooler,Pets,FakeZenithStyle,227
Golf Clubs,Outdoor & Garden,FakeVelvetVista,442
Pet Feeder,Sports & Recreation,FakeZenithStyle,244
Fishing Rod,Sports & Recreation,FakeLuxeAura,739
Toothpaste,Sports & Recreation,FakeEtherealEdge,411
Air Purifier,Electronics,FakeLuxeAura,360
Electric Car,Pets,FakeUrbanGlow,872
Plant Pot,Toys & Games,FakeVelvetVista,987
Game Console,Kitchen & Dining,FakeZenithStyle,775
Suitcase,Arts & Crafts,FakeVelvetVista,220
Stove,Outdoor & Garden,FakeEtherealEdge,414
Game Console,Pets,FakeUrbanGlow,647
Board Game,Outdoor & Garden,FakeUrbanGlow,225
Toothpaste,Health & Fitness,FakeEtherealEdge,652
Backpacking Stove,Arts & Crafts,FakeVelvetVista,786
Thermos,Home & Furniture,FakeZenithStyle,434
Camping Tent,Health & Fitness,FakeUrbanGlow,440
Dart Board,Health & Fitness,FakeZenithStyle,863
Bluetooth Speaker,Pets,FakeVelvetVista,314
Dart Board,Sports & Recreation,FakeLuxeAura,477
Wetsuit,Arts & Crafts,FakeEtherealEdge,339
Hair Dryer,Electronics,FakeUrbanGlow,892
Portable Charger,Electronics,FakeLuxeAura,943
Yoga Mat,Toys & Games,FakeUrbanGlow,452
Volleyball,Home & Furniture,FakeUrbanGlow,360
Plant Pot,Electronics,FakeZenithStyle,880
Refrigerator,Home Appliances,FakeLuxeAura,850
Sheets,Pets,FakeEtherealEdge,952
Blender,Toys & Games,FakeLuxeAura,728
Kayak,Kitchen & Dining,FakeZenithStyle,140
Art Supplies,Home Appliances,FakeEtherealEdge,297
Ice Skates,Home Appliances,FakeZenithStyle,688
Toy Car,Arts & Crafts,FakeLuxeAura,770
Electric Scooter,Home Appliances,FakeEtherealEdge,773
Patio Furniture,Health & Fitness,FakeVelvetVista,820
Elliptical,Home & Furniture,FakeVelvetVista,289
Refrigerator,Arts & Crafts,FakeVelvetVista,650
Game Console,Home Appliances,FakeUrbanGlow,308
Binoculars,Home & Furniture,FakeUrbanGlow,934
Camping Chair,Outdoor & Garden,FakeVelvetVista,261
Memory Card,Home & Furniture,FakeLuxeAura,686
Aquarium,Kitchen & Dining,FakeVelvetVista,125
Electric Shaver,Electronics,FakeVelvetVista,775
Pillow,Sports & Recreation,FakeUrbanGlow,940
Monitor,Pets,FakeEtherealEdge,883
Toy Car,Sports & Recreation,FakeUrbanGlow,351
Patio Furniture,Outdoor & Garden,FakeVelvetVista,889
Electric Kettle,Pets,FakeVelvetVista,176
Badminton Set,Sports & Recreation,FakeEtherealEdge,899
Backpack,Toys & Games,FakeZenithStyle,664
Bed,Pets,FakeVelvetVista,477
Sewing Machine,Electronics,FakeLuxeAura,970
Elliptical,Arts & Crafts,FakeVelvetVista,925
Badminton Set,Health & Fitness,FakeVelvetVista,172
Elliptical,Arts & Crafts,FakeZenithStyle,549
Camping Tent,Home & Furniture,FakeZenithStyle,658
Pet Carrier,Arts & Crafts,FakeUrbanGlow,609
Vacuum Cleaner,Kitchen & Dining,FakeUrbanGlow,159
Badminton Set,Health & Fitness,FakeUrbanGlow,866
Bed,Home Appliances,FakeVelvetVista,705
3D Printer,Electronics,FakeEtherealEdge,609
Volleyball,Home Appliances,FakeZenithStyle,535
Cat Litter Box,Arts & Crafts,FakeVelvetVista,555
Volleyball,Electronics,FakeEtherealEdge,262
Bird Cage,Outdoor & Garden,FakeVelvetVista,348
Baseball Glove,Home & Furniture,FakeEtherealEdge,755
Oven,Health & Fitness,FakeZenithStyle,717
Snowboard,Arts & Crafts,FakeEtherealEdge,673
Garden Hose,Kitchen & Dining,FakeUrbanGlow,609
Jacket,Toys & Games,FakeZenithStyle,352
Helmet,Pets,FakeZenithStyle,668
External SSD,Pets,FakeUrbanGlow,796
Binoculars,Sports & Recreation,FakeUrbanGlow,106
Electric Toothbrush,Electronics,FakeUrbanGlow,165
Smartwatch,Toys & Games,FakeEtherealEdge,813
Home Security Camera,Home & Furniture,FakeVelvetVista,849
Volleyball,Pets,FakeZenithStyle,696
Refrigerator,Electronics,FakeZenithStyle,236
Soccer Ball,Health & Fitness,FakeUrbanGlow,289
Backpack,Sports & Recreation,FakeEtherealEdge,206
Air Purifier,Pets,FakeLuxeAura,738
Cat Litter Box,Arts & Crafts,FakeUrbanGlow,306
Camera,Arts & Crafts,FakeLuxeAura,777
Pet Carrier,Toys & Games,FakeLuxeAura,328
Sled,Kitchen & Dining,FakeEtherealEdge,687
Sled,Home Appliances,FakeUrbanGlow,564
Blender,Kitchen & Dining,FakeEtherealEdge,981
Microwave,Kitchen & Dining,FakeEtherealEdge,572
Antivirus,Outdoor & Garden,FakeUrbanGlow,300
Golf Clubs,Outdoor & Garden,FakeEtherealEdge,386
Paddleboard,Sports & Recreation,FakeEtherealEdge,771
Thermos,Pets,FakeZenithStyle,415
Snowboard,Toys & Games,FakeZenithStyle,384
Coffee Maker,Electronics,FakeZenithStyle,233
Bird Cage,Arts & Crafts,FakeVelvetVista,746
Aquarium,Kitchen & Dining,FakeUrbanGlow,836
Kayak,Electronics,FakeLuxeAura,731
Sled,Home & Furniture,FakeUrbanGlow,629
Smartphone,Outdoor & Garden,FakeVelvetVista,466
Portable Charger,Sports & Recreation,FakeUrbanGlow,159
Monitor,Pets,FakeEtherealEdge,374
Power Bank,Home & Furniture,FakeVelvetVista,251
Cat Tree,Sports & Recreation,FakeLuxeAura,688
Telescope,Kitchen & Dining,FakeZenithStyle,621
Baseball Glove,Pets,FakeUrbanGlow,427
Bird Cage,Health & Fitness,FakeEtherealEdge,383
Jacket,Home Appliances,FakeLuxeAura,662
Thermos,Arts & Crafts,FakeVelvetVista,259
Hair Dryer,Home Appliances,FakeLuxeAura,722
Life Jacket,Home & Furniture,FakeZenithStyle,240
VR Headset,Home & Furniture,FakeUrbanGlow,577
Wetsuit,Kitchen & Dining,FakeZenithStyle,359
Board Game,Toys & Games,FakeLuxeAura,166
Paddleboard,Pets,FakeLuxeAura,508
Wetsuit,Kitchen & Dining,FakeUrbanGlow,894
Dog Collar,Outdoor & Garden,FakeEtherealEdge,222
Keyboard,Home Appliances,FakeLuxeAura,958
Baseball Glove,Outdoor & Garden,FakeZenithStyle,350
Projector,Outdoor & Garden,FakeZenithStyle,315
Tarp,Home & Furniture,FakeLuxeAura,791
Toothpaste,Kitchen & Dining,FakeZenithStyle,793
Snow Shovel,Toys & Games,FakeZenithStyle,500
Cat Tree,Outdoor & Garden,FakeLuxeAura,931
Suitcase,Sports & Recreation,FakeLuxeAura,334
Baseball Glove,Home & Furniture,FakeZenithStyle,327
Portable Charger,Electronics,FakeUrbanGlow,351
Tablet,Electronics,FakeUrbanGlow,750
Yoga Mat,Electronics,FakeZenithStyle,466
Garden Hose,Home Appliances,FakeUrbanGlow,1000
Router,Outdoor & Garden,FakeVelvetVista,919
BBQ Grill,Toys & Games,FakeVelvetVista,762
Smart Light,Home Appliances,FakeVelvetVista,717
Robot Vacuum,Kitchen & Dining,FakeLuxeAura,827
Snow Shovel,Health & Fitness,FakeVelvetVista,881
VR Headset,Pets,FakeLuxeAura,485
Monitor,Electronics,FakeZenithStyle,947
Supplement,Pets,FakeEtherealEdge,533
Hiking Boots,Pets,FakeEtherealEdge,575
BBQ Grill,Home Appliances,FakeLuxeAura,497
Surfboard,Electronics,FakeLuxeAura,783
Garden Tools,Home Appliances,FakeVelvetVista,629
Aquarium,Sports & Recreation,FakeLuxeAura,158
Pet Toy,Sports & Recreation,FakeLuxeAura,601
Smart Light,Health & Fitness,FakeEtherealEdge,502
Sewing Machine,Health & Fitness,FakeUrbanGlow,613
Puzzle,Toys & Games,FakeZenithStyle,694
Blender,Outdoor & Garden,FakeUrbanGlow,144
Dumbbells,Home Appliances,FakeVelvetVista,838
External SSD,Sports & Recreation,FakeUrbanGlow,723
Power Bank,Kitchen & Dining,FakeEtherealEdge,621
Rain Jacket,Electronics,FakeZenithStyle,644
Router,Home & Furniture,FakeZenithStyle,309
Ski Goggles,Home & Furniture,FakeEtherealEdge,900
Router,Outdoor & Garden,FakeLuxeAura,961
Blender,Home Appliances,FakeVelvetVista,273
Backpack,Sports & Recreation,FakeLuxeAura,116
Jacket,Electronics,FakeUrbanGlow,700
Monitor,Outdoor & Garden,FakeVelvetVista,487
Grill,Sports & Recreation,FakeZenithStyle,122
Badminton Set,Pets,FakeEtherealEdge,696
Smartwatch,Sports & Recreation,FakeZenithStyle,437
Oven,Arts & Crafts,FakeLuxeAura,978
Smart Thermostat,Kitchen & Dining,FakeEtherealEdge,339
Air Conditioner,Kitchen & Dining,FakeZenithStyle,224
Board Game,Sports & Recreation,FakeEtherealEdge,488
Water Filter,Toys & Games,FakeUrbanGlow,579
Smartwatch,Electronics,FakeUrbanGlow,659
Home Security Camera,Outdoor & Garden,FakeEtherealEdge,714
Memory Card,Health & Fitness,FakeLuxeAura,860
Electric Car,Home & Furniture,FakeLuxeAura,127
Monitor,Sports & Recreation,FakeZenithStyle,541
Game Console,Arts & Crafts,FakeEtherealEdge,399
Garden Hose,Health & Fitness,FakeVelvetVista,213
Speaker,Arts & Crafts,FakeVelvetVista,162
Paddleboard,Electronics,FakeEtherealEdge,978
Memory Card,Home & Furniture,FakeVelvetVista,515
Paddleboard,Electronics,FakeVelvetVista,754
Speaker,Toys & Games,FakeZenithStyle,124
Sleeping Pad,Outdoor & Garden,FakeZenithStyle,581
Robot Vacuum,Home Appliances,FakeZenithStyle,817
Yoga Mat,Health & Fitness,FakeZenithStyle,369
Electric Kettle,Arts & Crafts,FakeVelvetVista,853
Backpacking Stove,Arts & Crafts,FakeVelvetVista,460
Smart Light,Home & Furniture,FakeVelvetVista,206
VR Headset,Pets,FakeZenithStyle,143
Sheets,Pets,FakeLuxeAura,146
Microwave,Electronics,FakeZenithStyle,372
Rain Jacket,Outdoor & Garden,FakeLuxeAura,373
Camping Tent,Sports & Recreation,FakeZenithStyle,701
Smart Light,Home & Furniture,FakeLuxeAura,583
Suitcase,Arts & Crafts,FakeLuxeAura,284
Suitcase,Pets,FakeZenithStyle,406
Microwave,Pets,FakeVelvetVista,309
Bicycle,Home Appliances,FakeVelvetVista,665
Tackle Box,Electronics,FakeLuxeAura,860
Mattress,Home Appliances,FakeVelvetVista,180
Lamp,Electronics,FakeUrbanGlow,445
Surfboard,Toys & Games,FakeUrbanGlow,442
Electric Toothbrush,Home & Furniture,FakeVelvetVista,940
Pillow,Sports & Recreation,FakeEtherealEdge,422
Ski Poles,Kitchen & Dining,FakeUrbanGlow,344
Humidifier,Sports & Recreation,FakeLuxeAura,602
BBQ Grill,Electronics,FakeEtherealEdge,435
Wetsuit,Health & Fitness,FakeEtherealEdge,768
Fish Food,Arts & Crafts,FakeLuxeAura,663
Doll,Toys & Games,FakeLuxeAura,737
Bed,Outdoor & Garden,FakeZenithStyle,409
Plant Pot,Arts & Crafts,FakeEtherealEdge,681
Hair Dryer,Home Appliances,FakeVelvetVista,821
Electric Scooter,Pets,FakeUrbanGlow,778
Puzzle,Sports & Recreation,FakeZenithStyle,627
Cat Tree,Health & Fitness,FakeVelvetVista,262
Smartphone,Sports & Recreation,FakeVelvetVista,428
Camping Chair,Sports & Recreation,FakeVelvetVista,605
Board Game,Sports & Recreation,FakeEtherealEdge,469
Kayak,Kitchen & Dining,FakeVelvetVista,720
Laptop,Arts & Crafts,FakeEtherealEdge,292
Smartwatch,Health & Fitness,FakeEtherealEdge,497
Lamp,Toys & Games,FakeVelvetVista,346
Supplement,Home Appliances,FakeVelvetVista,423
Projector,Health & Fitness,FakeZenithStyle,982
Ski Goggles,Health & Fitness,FakeUrbanGlow,680
Fitness Tracker,Sports & Recreation,FakeVelvetVista,837
Hair Dryer,Sports & Recreation,FakeLuxeAura,786
Fitness Tracker,Pets,FakeVelvetVista,657
Camera,Pets,FakeEtherealEdge,276
BBQ Grill,Electronics,FakeZenithStyle,361
Pillow,Outdoor & Garden,FakeVelvetVista,485
Projector,Outdoor & Garden,FakeUrbanGlow,358
Action Figure,Arts & Crafts,FakeEtherealEdge,514
Electric Shaver,Arts & Crafts,FakeUrbanGlow,990
Treadmill,Outdoor & Garden,FakeEtherealEdge,335
External SSD,Outdoor & Garden,FakeUrbanGlow,809
Bird Cage,Home & Furniture,FakeLuxeAura,662
Helmet,Outdoor & Garden,FakeUrbanGlow,183
Ski Poles,Arts & Crafts,FakeUrbanGlow,485
Surfboard,Outdoor & Garden,FakeEtherealEdge,306
Laser Printer,Arts & Crafts,FakeEtherealEdge,662
Elliptical,Toys & Games,FakeVelvetVista,384
Pet Bed,Outdoor & Garden,FakeVelvetVista,325
Drone,Electronics,FakeEtherealEdge,313
Treadmill,Sports & Recreation,FakeVelvetVista,280
Board Game,Outdoor & Garden,FakeZenithStyle,170
Hair Dryer,Arts & Crafts,FakeZenithStyle,529
VR Headset,Arts & Crafts,FakeUrbanGlow,232
Toothpaste,Home Appliances,FakeZenithStyle,344
Baseball Glove,Home Appliances,FakeVelvetVista,600
Microwave,Toys & Games,FakeEtherealEdge,204
Speaker,Toys & Games,FakeUrbanGlow,651
Craft Kit,Home & Furniture,FakeZenithStyle,372
Sleeping Pad,Toys & Games,FakeEtherealEdge,318
Microwave,Electronics,FakeUrbanGlow,738
Printer,Electronics,FakeZenithStyle,639
Wetsuit,Pets,FakeEtherealEdge,340
Power Bank,Home Appliances,FakeUrbanGlow,660
Laser Printer,Health & Fitness,FakeZenithStyle,617
Puzzle,Sports & Recreation,FakeVelvetVista,674
Jacket,Outdoor & Garden,FakeEtherealEdge,590
Toothpaste,Toys & Games,FakeLuxeAura,883
Soccer Ball,Electronics,FakeZenithStyle,322
Dog Leash,Sports & Recreation,FakeZenithStyle,379
Sheets,Electronics,FakeVelvetVista,859
Plant Pot,Home & Furniture,FakeLuxeAura,843
Monitor,Outdoor & Garden,FakeVelvetVista,875
Sled,Outdoor & Garden,FakeVelvetVista,728
Elliptical,Home & Furniture,FakeZenithStyle,447
Art Supplies,Outdoor & Garden,FakeLuxeAura,342
Refrigerator,Pets,FakeZenithStyle,598
Badminton Set,Home & Furniture,FakeLuxeAura,791
Fire Pit,Toys & Games,FakeEtherealEdge,714
Ski Goggles,Health & Fitness,FakeZenithStyle,284
Stove,Health & Fitness,FakeZenithStyle,860
Juicer,Pets,FakeZenithStyle,654
Fish Food,Sports & Recreation,FakeZenithStyle,545
Game Console,Sports & Recreation,FakeUrbanGlow,909
Camera,Home Appliances,FakeVelvetVista,234
Doll,Health & Fitness,FakeLuxeAura,834
Dog Collar,Home Appliances,FakeLuxeAura,704
Bird Cage,Pets,FakeUrbanGlow,987
Electric Scooter,Electronics,FakeEtherealEdge,595
Golf Clubs,Outdoor & Garden,FakeEtherealEdge,753
Trekking Poles,Electronics,FakeUrbanGlow,721
Bluetooth Speaker,Pets,FakeVelvetVista,589
Humidifier,Home & Furniture,FakeVelvetVista,292
Life Jacket,Home Appliances,FakeEtherealEdge,564
Sewing Machine,Health & Fitness,FakeEtherealEdge,833
Sewing Machine,Home Appliances,FakeUrbanGlow,338
Router,Home & Furniture,FakeLuxeAura,287
Patio Furniture,Toys & Games,FakeZenithStyle,680
Tackle Box,Kitchen & Dining,FakeUrbanGlow,772
Grill,Toys & Games,FakeEtherealEdge,162
Supplement,Electronics,FakeZenithStyle,296
Trekking Poles,Outdoor & Garden,FakeUrbanGlow,921
Thermos,Pets,FakeLuxeAura,700
Monitor,Pets,FakeUrbanGlow,672
Tent,Pets,FakeLuxeAura,254
Memory Card,Kitchen & Dining,FakeUrbanGlow,507
Electric Kettle,Outdoor & Garden,FakeZenithStyle,157
Trekking Poles,Home & Furniture,FakeUrbanGlow,366
Cooler,Arts & Crafts,FakeLuxeAura,987
Refrigerator,Electronics,FakeZenithStyle,660
Yoga Mat,Arts & Crafts,FakeLuxeAura,383
Fishing Rod,Kitchen & Dining,FakeUrbanGlow,292
Dog Leash,Sports & Recreation,FakeVelvetVista,504
Tackle Box,Arts & Crafts,FakeUrbanGlow,794
Fitness Tracker,Health & Fitness,FakeLuxeAura,940
Board Game,Home & Furniture,FakeEtherealEdge,999
Air Conditioner,Electronics,FakeUrbanGlow,593
Puzzle,Outdoor & Garden,FakeLuxeAura,301
Electric Shaver,Health & Fitness,FakeLuxeAura,974
Flashlight,Sports & Recreation,FakeEtherealEdge,705
Wetsuit,Pets,FakeEtherealEdge,311
Badminton Set,Health & Fitness,FakeEtherealEdge,817
Air Purifier,Kitchen & Dining,FakeEtherealEdge,553
Game Console,Health & Fitness,FakeZenithStyle,954
Cooler,Electronics,FakeVelvetVista,594
Board Game,Health & Fitness,FakeEtherealEdge,493
Smart Doorbell,Home & Furniture,FakeZenithStyle,658
Smart Light,Kitchen & Dining,FakeLuxeAura,631
Backpacking Stove,Outdoor & Garden,FakeEtherealEdge,288
Telescope,Home & Furniture,FakeEtherealEdge,535
Tarp,Home Appliances,FakeUrbanGlow,520
Drone,Home Appliances,FakeVelvetVista,713
Board Game,Home & Furniture,FakeVelvetVista,763
Home Security Camera,Kitchen & Dining,FakeEtherealEdge,481
Outdoor Umbrella,Home & Furniture,FakeUrbanGlow,497
Binoculars,Toys & Games,FakeVelvetVista,288
BBQ Grill,Pets,FakeUrbanGlow,996
Yoga Mat,Home Appliances,FakeEtherealEdge,145
Treadmill,Home & Furniture,FakeVelvetVista,569
Basketball,Home Appliances,FakeEtherealEdge,840
Refrigerator,Pets,FakeUrbanGlow,371
Dart Board,Toys & Games,FakeEtherealEdge,297
Water Bottle,Pets,FakeEtherealEdge,164
Tablet,Outdoor & Garden,FakeEtherealEdge,479
Ski Goggles,Outdoor & Garden,FakeVelvetVista,660
Supplement,Toys & Games,FakeVelvetVista,330
Electric Toothbrush,Electronics,FakeUrbanGlow,926
Electric Scooter,Kitchen & Dining,FakeZenithStyle,918
Yoga Mat,Outdoor & Garden,FakeUrbanGlow,732
Volleyball,Sports & Recreation,FakeZenithStyle,904
Bicycle,Sports & Recreation,FakeVelvetVista,966
Aquarium,Health & Fitness,FakeZenithStyle,147
Water Filter,Health & Fitness,FakeLuxeAura,735
Helmet,Home & Furniture,FakeZenithStyle,319
Jacket,Toys & Games,FakeEtherealEdge,919
Laptop,Outdoor & Garden,FakeUrbanGlow,765
Air Conditioner,Electronics,FakeUrbanGlow,800
Bluetooth Speaker,Electronics,FakeEtherealEdge,135
Tarp,Home Appliances,FakeZenithStyle,488
Smart Thermostat,Home & Furniture,FakeZenithStyle,673
Supplement,Kitchen & Dining,FakeVelvetVista,355
Toothpaste,Arts & Crafts,FakeUrbanGlow,565
Puzzle,Arts & Crafts,FakeUrbanGlow,143
Outdoor Umbrella,Home & Furniture,FakeZenithStyle,166
Tackle Box,Pets,FakeVelvetVista,800
Dog Leash,Electronics,FakeZenithStyle,835
Pet Carrier,Kitchen & Dining,FakeEtherealEdge,206
Plant Pot,Home & Furniture,FakeLuxeAura,769
Camping Chair,Outdoor & Garden,FakeVelvetVista,224
Cat Tree,Sports & Recreation,FakeLuxeAura,845
Surfboard,Health & Fitness,FakeVelvetVista,676
Camera,Kitchen & Dining,FakeVelvetVista,731
Tarp,Home & Furniture,FakeLuxeAura,971
Bird Feeder,Health & Fitness,FakeEtherealEdge,725
Toy Car,Kitchen & Dining,FakeEtherealEdge,147
Paddleboard,Home & Furniture,FakeUrbanGlow,629
Hiking Backpack,Home Appliances,FakeLuxeAura,484
Fire Pit,Home & Furniture,FakeVelvetVista,586
Portable Hard Drive,Sports & Recreation,FakeUrbanGlow,658
Smartphone,Kitchen & Dining,FakeLuxeAura,421
Water Filter,Home & Furniture,FakeZenithStyle,147
Portable Hard Drive,Home Appliances,FakeZenithStyle,162
Ski Poles,Arts & Crafts,FakeEtherealEdge,682
Elliptical,Sports & Recreation,FakeZenithStyle,765
Smart Doorbell,Toys & Games,FakeEtherealEdge,991
Garden Tools,Electronics,FakeUrbanGlow,861
Keyboard,Home Appliances,FakeZenithStyle,989
Hiking Boots,Sports & Recreation,FakeZenithStyle,932
Bicycle,Arts & Crafts,FakeVelvetVista,946
Building Blocks,Arts & Crafts,FakeUrbanGlow,127
Laser Printer,Arts & Crafts,FakeVelvetVista,118
Ski Poles,Health & Fitness,FakeVelvetVista,682
Golf Clubs,Toys & Games,FakeZenithStyle,518
Humidifier,Outdoor & Garden,FakeUrbanGlow,983
Electric Kettle,Sports & Recreation,FakeUrbanGlow,216
Soap,Home & Furniture,FakeLuxeAura,692
Hair Dryer,Arts & Crafts,FakeEtherealEdge,174
Bluetooth Speaker,Kitchen & Dining,FakeZenithStyle,756
Action Figure,Sports & Recreation,FakeLuxeAura,575
Portable Hard Drive,Arts & Crafts,FakeZenithStyle,775
Electric Scooter,Sports & Recreation,FakeLuxeAura,196
Smartwatch,Outdoor & Garden,FakeVelvetVista,902
Bicycle,Home & Furniture,FakeUrbanGlow,839
Helmet,Toys & Games,FakeVelvetVista,292
Hiking Backpack,Outdoor & Garden,FakeUrbanGlow,406
Humidifier,Home Appliances,FakeZenithStyle,637
Memory Card,Electronics,FakeLuxeAura,788
Hiking Boots,Home Appliances,FakeVelvetVista,268
Ice Skates,Health & Fitness,FakeVelvetVista,849
Bird Cage,Home Appliances,FakeUrbanGlow,234
Laptop,Home & Furniture,FakeZenithStyle,374
Monitor,Pets,FakeZenithStyle,642
Camera,Outdoor & Garden,FakeZenithStyle,966
Camping Tent,Home & Furniture,FakeVelvetVista,247
Juicer,Kitchen & Dining,FakeLuxeAura,176
Dart Board,Pets,FakeUrbanGlow,938
Thermos,Health & Fitness,FakeLuxeAura,179
Microwave,Home Appliances,FakeUrbanGlow,742
Cat Litter Box,Kitchen & Dining,FakeVelvetVista,482
Suitcase,Outdoor & Garden,FakeVelvetVista,565
Camping Tent,Toys & Games,FakeZenithStyle,995
Snorkel Gear,Arts & Crafts,FakeLuxeAura,284
Garden Tools,Kitchen & Dining,FakeZenithStyle,156
Tent,Kitchen & Dining,FakeEtherealEdge,654
Smart Doorbell,Home Appliances,FakeVelvetVista,155
Rain Jacket,Home Appliances,FakeVelvetVista,630
Dishwasher,Sports & Recreation,FakeZenithStyle,697
Hiking Boots,Pets,FakeUrbanGlow,952
Board Game,Toys & Games,FakeLuxeAura,766
Smart Thermostat,Sports & Recreation,FakeLuxeAura,562
Juicer,Arts & Crafts,FakeZenithStyle,352
Jacket,Outdoor & Garden,FakeZenithStyle,870
Tent,Health & Fitness,FakeVelvetVista,245
Oven,Pets,FakeUrbanGlow,936
Snowboard,Home & Furniture,FakeUrbanGlow,663
Dog Collar,Home Appliances,FakeUrbanGlow,425
Soccer Ball,Kitchen & Dining,FakeZenithStyle,919
Fitness Tracker,Health & Fitness,FakeZenithStyle,874
Sleeping Pad,Arts & Crafts,FakeVelvetVista,290
Hiking Boots,Toys & Games,FakeEtherealEdge,965
